<?xml version="1.0" encoding="utf-8"?>
<extension version="3.0" type="plugin" group="system">
	<name>plg_system_gmapfp</name>
	<author>Fabrice4821</author>
	<creationDate>Avril 2016</creationDate>
	<copyright>Copyright (C) 2005 - 2012 Open Source Matters. All rights reserved.</copyright>
	<license>http://www.gnu.org/licenses/gpl-2.0.html GNU/GPL</license>
	<authorEmail>webmaster@gmapfp.org</authorEmail>
	<authorUrl>www.gmapfp.org</authorUrl>
	<version>3.1</version>
	<description>PLG_DEBUG_XML_DESCRIPTION</description>
	<files>
		<filename plugin="cp">cp.php</filename>
		<filename>index.html</filename>
	</files>
	<languages>
	</languages>
	<config>
	</config>
</extension>
