<?xml version="1.0" encoding="utf-8"?>
<extension type="component" version="3.3" method="upgrade">

	<name>COM_GMAPFP</name>
	<creationDate>Mai 2017</creationDate>
	<author>Fabrice4821</author>
	<authorEmail>webmaster@gmapfp.org</authorEmail>
	<authorUrl>http://www.gmapfp.org</authorUrl>
	<copyright>All rights reserved</copyright>
	<license>GNU/GPL</license>
	<!--  The version string is recorded in the components table -->
	<version>J3.49F</version>
	
    <scriptfile>script.php</scriptfile>
	<install>
        <sql>
            <file charset="utf8" driver="mysql">sql/mysql/install.sql</file>
			<file driver="mysql">sql/mysql/install.nonutf8.sql</file>
			<file driver="postgresql">sql/postgresql/install.nonutf8.sql</file>
			<file driver="sqlsrv">sql/sqlazure/install.nonutf8.sql</file>
        </sql>
    </install>
    <uninstall>
        <sql>
            <file charset="utf8" driver="mysql">sql/mysql/uninstall.sql</file>
            <file driver="mysql">sql/mysql/uninstall.sql</file>
            <file driver="postgresql">sql/postgresql/uninstall.sql</file>
            <file driver="sqlsrv">sql/sqlazure/uninstall.sql</file>
        </sql>
    </uninstall>    
 
    <files folder="site">
        <filename>index.html</filename>
        <filename>gmapfp.php</filename>
        <filename>controller.php</filename>
        <filename>router.php</filename>

        <folder>assets</folder>
        <folder>controllers</folder>
        <folder>helpers</folder>
        <folder>images</folder>
        <folder>models</folder>
		<folder>views</folder>
		<folder>bubble</folder>
		<folder>libraries</folder>
    </files>
    <media folder="images" destination="../images/gmapfp">
        <filename>index.html</filename>
        <filename>usine_electrique_fay.jpg</filename>
        <filename>gmapfp_logo.png</filename>

        <folder>blank</folder>
        <folder>icons</folder>
    </media>
    <media folder="jcomments" destination="../components/com_jcomments/plugins">
        <filename>com_gmapfp.plugin.php</filename>
        <filename>index.html</filename>
    </media>

    <languages folder="site">
        <language tag="fr-FR">language/fr-FR.com_gmapfp.ini</language>
        <language tag="en-GB">language/en-GB.com_gmapfp.ini</language>
    </languages>

	<administration>
		<menu img="components/com_gmapfp/images/logo_gmapfp.png">GMapFP</menu>
        <submenu>
            <menu img="class:cpanel" link="option=com_gmapfp" view="Accueil" alt="GMapFP/Accueil">Com_GMapFP_Accueil</menu>
            <menu img="class:language" link="option=com_gmapfp&amp;controller=gmapfp&amp;task=view" view="Lieux" alt="GMapFP/Lieux">Com_GMapFP_Lieux</menu>
            <menu img="components/com_gmapfp/images/marqueur.png" link="option=com_gmapfp&amp;controller=marqueurs&amp;task=view" view="Marqueur" alt="GMapFP/Marqueur">Com_GMapFP_Marqueurs</menu>
            <menu img="class:category" link="option=com_categories&amp;extension=com_gmapfp" view="categories" alt="GMapFP/Categories">Com_GMapFP_Categories</menu>
            <menu img="class:info" link="option=com_gmapfp&amp;controller=personnalisations&amp;task=view" view="Personnalisation" alt="GMapFP/Personnalisation">Com_GMapFP_Personnalisation</menu>
            <menu img="class:themes" link="option=com_gmapfp&amp;controller=css&amp;task=view" view="CSS" alt="GMapFP/CSS">Com_GMapFP_CSS</menu>
        </submenu>
        <languages folder="admin">
            <language tag="fr-FR">language/fr-FR.com_gmapfp.ini</language>
            <language tag="en-GB">language/en-GB.com_gmapfp.ini</language>
            <language tag="fr-FR">language/fr-FR.com_gmapfp.sys.ini</language>
            <language tag="en-GB">language/en-GB.com_gmapfp.sys.ini</language>
        </languages>    
		<files folder="admin">
			<filename>gmapfp.php</filename>
			<filename>config.xml</filename>
			<filename>controller.php</filename>
			<filename>helper.php</filename>
			<filename>access.xml</filename>
			<filename>index.html</filename>
			
			<folder>controllers</folder>
			<folder>images</folder>
			<folder>helpers</folder>
			<folder>models</folder>
			<folder>sql</folder>
			<folder>tables</folder>
			<folder>views</folder>
		</files>
	</administration>
	<updateservers>
		<server type="extension" priority="2" name="GMapFP Free Update Server">http://gmapfp.org/updates/gmapfp_updater.xml</server>
	</updateservers>
</extension>
